{
    "data" : [
        {
            "id" : 1,
            "tittle" : "SSHARE-FTM LP",
            "uses" : "tomb",
            "wallet" : 0,
            "deposited" : 0,
            "apy" : "939.49%",
            "daily" : "0.64%",
            "tvl" : "212.68k"
        },
        {
            "id" : 2,
            "tittle" : "TSHORE-FLT LF",
            "uses" : "raider",
            "wallet" : 0,
            "deposited" : 0,
            "apy" : "459.49%",
            "daily" : "1.67%",
            "tvl" : "594.21k"
        }
    ]
}