{
    "version": "0.2.0",
    "configurations": [
        {
            "name": "Attach to Chrome",
            "port": 9222,
            "request": "attach",
            "type": "pwa-chrome",
            "webRoot": "${workspaceFolder}"
        },
        {
            "name": "Debug app",
            "type": "firefox",
            "request": "attach"
            // "url": "http://localhost:3001",
            // "port": 3001,
            // "webRoot": "${workspaceFolder}"
                // "reAttach": true,
            // "file": "${file}",
            // "webRoot": "${workspaceFolder}",
            // "url": "http://localhost:3001/"
            // "sourceMapPathOverrides": {
            //     "*": "${webRoot}/*",
            // },
            // "sourceMaps": true,
            // "firefoxExecutable": "/usr/lib/firefox/firefox.sh",
            // "userDataDir": "/home/nuzhat/.vscode/firefox",
            // "runtimeExecutable": "/usr/lib/firefox/firefox.sh",
            // "runtimeArgs": [" --remote-debugging-port=9222"],
            // "file": "${workspaceFolder}/index.html"
        }
    ]
}
